128|M
129|M
130|M
131|M
132|M
133|M
134|M
135|M
136|M
137|M
138|M
139|M
140|M
141|M
142|M
143|M
144|M
145|M
146|F
147|M
148|M
149|M
150|M
151|
152|M
153|M
154|M
155|M
156|M
157|
158|M
159|M
160|M
161|M
162|F
163|M
164|M
165|F
166|M
167|M
168|M
169|M
170|M
171|M
172|F
174|M
175|
176|M
177|M
178|M
179|M
180|M
181|M
182|
183|M
184|M
185|M
186|M
187|M
188|
189|M
190|M
191|M
192|M
193|M
194|M
195|F
196|M
197|M
198|M
199|F
200|F
201|M
202|M
203|M
204|F
205|M
206|M
207|M
208|M
209|M
210|M
211|M
212|M
213|M
214|M
215|M
216|M
217|M
218|F
219|F
220|M
221|M
222|M
223|M
224|M
225|M
226|
227|M
228|M
229|
230|M
231|F
232|M
233|M
234|M
235|M
236|M
237|M
238|
239|M
240|M
241|M
242|
243|M
244|M
245|M
246|M
247|M
248|
249|M
250|
251|
252|
253|M
254|F
255|M
256|M
257|F
258|
259|M
260|M
261|M
262|M
263|M
264|M
265|F
266|M
267|M
268|F
269|M
270|
271|M
272|M
273|M
274|
275|M
276|M
277|M
278|M
279|F
280|M
281|M
282|M
283|M
284|M
285|M
286|M
287|M
288|M
289|F
290|M
291|M
292|F
293|M
294|M
295|M
297|M
298|M
299|M
300|M
301|M
302|M
303|M
305|M
306|M
307|M
308|M
309|M
310|
311|M
312|
313|M
314|M
315|M
316|M
317|F
318|
319|F
320|
321|M
322|F
323|F
324|M
325|
326|M
327|M
328|M
329|M
330|M
331|M
332|M
333|M
334|M
335|M
336|M
337|
338|M
339|M
340|M
341|F
342|M
344|M
345|M
346|
347|M
348|
349|F
350|M
351|M
352|M
353|M
354|M
355|M
356|M
357|M
358|M
359|M
360|
361|M
362|M
363|M
364|M
365|M
366|M
367|M
368|M
369|M
370|M
371|M
372|M
373|M
374|M
375|
376|
377|M
378|M
379|M
380|F
381|
382|M
383|M
384|M
385|M
386|
387|M
388|M
389|F
390|M
391|M
392|M
393|M
394|M
395|M
396|M
397|M
398|M
399|M
400|
401|M
402|M
403|M
404|M
405|
406|M
407|M
408|
409|
410|M
411|M
412|M
413|M
414|M
415|M
416|M
417|M
418|M
419|M
420|M
421|F
422|M
423|M
424|M
425|M
426|F
427|M
428|M
429|M
430|F
431|M
432|M
433|M
434|M
435|M
436|M
437|M
438|M
439|
440|M
441|M
442|F
443|M
444|M
445|F
446|M
447|M
448|M
449|M
450|M
451|M
452|M
453|M
454|M
455|M
456|M
457|F
458|M
459|M
460|M
461|F
462|M
463|M
464|M
465|M
466|
467|M
468|M
469|M
470|M
471|F
472|M
473|M
474|M
475|M
476|M
477|M
478|M
479|M
480|M
481|M
482|F
483|M
484|M
485|M
486|M
487|M
488|M
489|M
490|M
491|M
492|M
493|M
494|M
496|M
497|M
498|F
499|M
500|M
501|
502|M
503|M
504|M
505|
506|M
507|M
508|M
509|M
510|M
511|M
512|M
513|M
514|M
515|M
516|M
517|M
518|M
519|M
520|M
521|F
522|
523|M
524|M
525|F
526|M
527|M
528|M
529|M
530|M
531|M
533|M
534|F
535|M
536|M
537|M
538|M
539|F
540|M
541|M
542|F
543|M
544|F
545|M
546|M
547|M
548|M
549|M
550|M
551|M
552|F
553|M
554|M
555|M
556|F
557|M
558|F
559|M
560|
561|M
562|M
563|M
564|M
565|M
566|F
567|M
568|M
569|F
570|M
571|M
572|M
573|
574|M
575|F
576|M
577|M
578|M
579|M
580|
581|M
582|F
583|
584|M
585|M
586|M
587|F
588|M
589|M
590|M
591|M
592|M
593|M
594|M
595|M
596|M
597|M
598|F
599|M
600|M
601|M
602|M
603|M
604|M
605|M
606|M
607|
608|M
609|M
610|F
611|M
612|F
613|M
614|F
615|M
616|M
617|F
618|M
619|M
620|M
621|M
622|M
623|M
624|M
625|M
626|M
627|F
628|M
629|M
630|M
631|M
632|M
633|M
634|M
635|M
636|F
637|M
638|F
639|M
640|M
641|M
642|F
644|M
645|M
646|M
647|M
648|M
649|M
650|M
651|M
652|
653|
654|M
655|M
656|M
657|M
658|M
659|M
660|M
661|M
662|M
663|M
664|M
665|F
666|M
667|F
668|M
669|M
670|M
671|M
672|
673|M
674|M
675|M
676|M
677|M
678|M
679|M
680|M
681|M
682|M
683|M
684|M
685|M
686|M
687|M
688|F
689|M
690|F
691|M
692|F
693|M
694|M
695|F
696|M
697|F
698|M
699|M
701|F
702|M
703|M
704|F
705|F
706|F
707|M
708|F
709|M
710|F
711|M
712|F
713|M
714|
715|M
716|M
717|M
718|M
719|M
720|M
721|F
722|M
723|M
724|F
725|M
726|M
727|M
728|F
729|M
730|M
731|M
732|M
733|M
734|M
735|M
736|M
737|M
738|M
739|M
740|M
741|F
742|F
743|M
744|M
745|M
746|M
747|M
748|M
749|M
750|M
751|M
752|F
753|M
754|M
755|M
756|M
757|F
758|M
759|M
760|F
761|M
762|F
763|
764|M
765|M
766|M
767|M
768|M
769|M
770|M
771|F
772|M
773|M
774|M
775|M
776|F
777|F
778|M
779|M
780|M
781|M
782|M
783|F
784|F
785|M
786|F
787|F
788|M
789|F
790|M
791|M
792|M
793|M
794|M
795|M
796|F
797|M
798|
799|F
800|F
801|M
802|M
803|M
804|M
805|M
806|F
807|M
808|M
809|F
810|M
811|M
812|M
813|F
814|M
815|M
816|M
817|M
818|F
819|M
820|
821|M
822|F
823|M
824|M
825|M
826|M
827|M
828|
829|F
830|M
831|F
832|M
833|M
834|F
835|M
836|F
837|M
838|M
839|M
840|M
841|M
842|M
843|M
844|
845|M
846|M
847|M
848|M
849|M
850|M
851|M
852|M
853|M
854|
855|M
856|M
857|M
858|F
859|M
860|M
861|F
862|M
863|M
864|M
865|M
960|M
961|F
962|M
963|
964|M
965|M
1060|F
1061|F
1062|F
973|M
974|F
1160|M
1260|M
1161|M
976|F
977|M
1164|M
1165|M
1263|F
1167|F
982|M
983|M
984|F
1170|M
1268|M
1078|M
1079|F
1174|M
1175|M
1273|M
1177|M
1178|M
1179|M
1180|M
1088|M
1089|M
1278|M
996|M
998|M
999|M
1000|M
1001|M
1094|
1003|F
1288|M
1289|M
1195|
1290|M
1291|F
1292|M
1293|F
1011|F
1012|M
1013|M
1105|M
1298|M
1107|M
1206|M
1019|M
1020|F
1209|M
1210|F
1307|M
1024|M
1025|M
1310|M
1120|F
1312|M
1028|F
1029|M
1030|M
1221|M
1315|M
1223|M
1034|F
1317|M
1036|F
1037|M
1038|M
1132|M
1133|M
1134|M
1325|F
1326|F
1234|M
866|M
867|F
868|M
869|M
870|M
871|F
872|M
966|F
967|M
873|M
874|M
875|M
876|M
877|M
1063|M
1066|M
1068|
1070|M
1071|F
1264|M
1168|M
1169|F
1075|M
894|M
1162|M
896|F
1080|M
1081|M
1082|F
1084|F
902|M
903|M
1276|M
1279|M
1092|M
1093|M
1283|F
1284|M
1285|M
1286|M
1287|M
915|M
916|M
1098|M
1099|M
919|M
920|M
1158|M
921|M
1199|M
1295|M
1296|F
1203|F
1204|F
928|M
1205|M
1302|M
1207|M
1208|F
1353|M
932|M
1306|M
1308|M
1117|M
1214|M
1119|M
939|M
1122|F
1219|M
1124|M
1314|M
1222|M
947|F
1128|F
1250|M
1129|M
1130|M
1227|M
1228|M
1322|M
954|F
955|M
1135|F
1136|M
1235|M
1329|M
1330|F
1141|M
1143|M
1239|M
1240|M
1241|M
1242|M
1243|F
1244|M
1342|
1343|M
1344|M
968|M
969|M
1328|M
970|M
878|M
882|M
883|M
884|M
885|F
886|M
887|F
888|F
889|
890|M
891|M
892|M
1267|M
1171|M
895|M
1269|M
1173|M
897|M
898|M
899|M
900|M
901|M
994|M
995|M
1277|F
1183|F
1184|M
1185|M
1186|M
1282|M
1002|M
914|M
1004|F
1005|M
917|M
918|M
1008|M
1009|M
922|M
1200|M
1201|M
1297|
926|M
1299|F
930|M
931|M
933|M
1211|M
1023|F
1212|F
1213|M
938|M
1216|M
1217|M
1218|M
943|F
1031|M
946|M
1033|M
1224|M
1225|M
1226|M
951|M
1229|F
1230|M
956|M
1327|M
958|M
959|M
1046|M
1331|F
1332|M
1333|F
1334|M
1335|M
1051|M
1052|M
1054|M
1247|F
1248|M
1249|M
1058|M
1252|M
1253|M
1350|M
1157|M
1257|M
971|M
972|M
881|M
1261|M
975|M
1067|M
1262|M
979|M
981|F
1265|F
1266|F
1076|F
987|F
1270|M
1271|M
1272|M
991|M
992|M
1274|M
1275|M
1087|M
904|M
905|F
906|M
907|M
908|F
1281|M
910|M
911|M
912|M
913|M
1095|M
1096|F
1097|M
1006|F
1007|M
1101|M
1010|M
1294|M
923|M
924|F
925|M
1106|
927|M
1301|M
1018|M
1303|M
1112|M
1305|M
1022|M
934|M
936|M
1309|M
1118|M
1311|F
940|M
1313|M
942|M
1123|M
944|M
1125|M
1126|F
1316|M
948|M
1318|M
1319|F
1320|M
1321|M
1323|F
1324|M
1042|M
1043|
1137|M
1138|M
1139|M
1140|M
1142|M
1144|M
1336|M
1337|M
1338|M
1147|M
1339|M
1341|M
1055|M
1056|M
1057|F
1345|F
1346|M
1347|M
1348|F
1349|M
1155|M
1351|M
1156|M
1352|M
879|F
880|M
1064|F
1065|M
1069|M
980|M
1072|M
1073|M
1074|M
985|M
1077|F
1172|F
988|M
989|M
990|M
1176|M
993|M
1086|M
1181|M
1182|
1090|F
1091|M
997|F
909|M
1188|
1189|M
1190|M
1191|M
1192|
1193|M
1194|F
1196|M
1197|M
1198|M
1102|M
1103|F
1104|M
1202|M
1014|M
1015|M
1016|M
1017|M
1109|F
1110|M
1111|M
1021|
1113|M
1114|M
1115|
1116|M
937|M
1026|M
1027|M
1121|M
941|M
945|M
1032|M
1127|M
1035|F
949|M
950|F
1131|M
952|M
953|M
1040|M
1041|M
1232|M
1233|M
957|F
1044|M
1236|M
1237|M
1047|M
1238|M
1048|M
1049|M
1050|M
1146|F
1053|F
1340|M
1245|M
1246|M
1149|M
1150|F
1151|F
1152|M
1059|M
1153|M
1154|F
1254|M
1255|
1256|
1258|M
1259|M
1355|M
1356|M
1357|F
1358|M
1360|M
1361|M
1461|M
1463|M
1561|M
1660|M
1465|M
1562|M
1563|M
1564|M
1672|F
1673|F
1578|M
1774|M
1775|F
1585|F
1684|F
1489|M
1490|M
1686|M
1780|F
1691|F
1499|M
1693|M
1694|F
1785|M
1697|F
1505|M
1506|M
1507|M
1600|F
1509|M
1510|F
1511|M
1702|M
1602|M
1796|M
1797|F
1515|M
1607|M
1521|M
1522|M
1804|M
1524|M
1525|M
1526|M
1808|M
1809|F
1716|M
1812|M
1719|M
1720|F
1721|M
1618|F
1725|M
1727|M
1728|F
1540|F
1829|F
1830|F
1960|F
1834|M
1550|M
1551|M
1635|M
1838|F
1460|M
1363|M
1560|M
1365|M
1661|M
1370|M
1371|M
1372|M
1565|F
1567|M
1764|M
1765|M
1670|F
1379|
1571|F
1380|M
1674|M
1769|F
1675|M
1676|F
1582|M
1583|F
1586|M
1588|M
1589|M
1590|F
1688|M
1591|
1781|M
1782|M
1401|M
1596|M
1597|F
1788|F
1790|F
1410|M
1415|M
1704|F
1420|
1421|M
1422|M
1708|M
1801|M
1709|M
1710|M
1712|M
1806|F
2032|F
1717|M
1435|M
1722|M
1439|M
1621|F
1823|M
1443|M
1622|F
1623|M
1730|M
1625|F
1445|M
1446|M
1448|M
1449|M
1961|F
1632|M
1737|M
1738|M
1459|M
1843|F
1844|M
1462|M
1364|M
1464|M
1664|M
1665|F
1373|M
1666|
1667|F
1668|M
1669|M
1475|M
1478|M
1480|M
1481|M
1482|M
1678|M
1580|M
1679|M
1388|M
1487|M
1777|M
1394|M
1687|M
1397|M
1402|M
1404|M
1405|M
1406|M
1787|M
1407|M
1789|M
1791|
1792|F
1419|M
1705|M
1799|M
1803|F
1431|
1810|M
1528|M
1529|M
1530|M
1534|F
1441|
1729|M
1541|M
1731|M
1732|M
1543|M
1544|M
1545|M
1831|F
1548|M
1962|F
1835|M
1453|M
1552|F
1964|M
1839|M
1554|M
1556|M
1941|F
1969|F
1847|
1749|F
1974|M
1975|F
1976|M
1977|M
1756|
1855|M
1856|M
1987|M
1859|M
1989|M
1990|M
1366|M
1367|
1368|M
1369|
1760|F
1761|M
1374|M
1375|F
1376|M
1377|M
1378|M
1476|M
1572|M
1573|M
1574|F
1384|M
1385|M
1386|M
1773|M
1483|M
1581|M
1484|M
1387|M
1584|M
1587|M
1395|M
1396|M
1779|M
1398|M
1497|M
1783|F
1500|F
1784|M
1503|M
1408|M
1599|M
1508|M
1414|F
1795|
1417|M
1418|M
1516|M
1517|M
1518|M
1800|M
1802|M
1609|M
1805|M
1430|M
1613|M
1433|
1434|M
1813|M
1531|F
1532|M
1816|M
1438|M
1535|M
1819|M
1537|M
1824|M
1539|M
1825|M
1826|M
1827|M
1628|M
1631|F
1549|M
1633|M
1456|M
1457|M
1841|M
1557|M
1642|M
1971|M
1972|M
1973|M
1646|M
1978|F
1979|M
1980|M
1662|F
1663|M
1468|M
1469|
1566|F
1568|M
1569|M
1474|M
1671|F
1383|
1576|M
1577|M
1677|M
1485|M
1486|M
1392|F
1393|M
1494|F
1592|M
1399|M
1400|M
1498|M
1696|M
1504|F
1598|M
1699|M
1409|M
1700|
1411|
1412|M
1413|F
1701|F
1512|M
1603|M
1604|M
1706|M
1423|F
1424|M
1610|F
1611|M
1527|M
1432|M
1614|M
1615|M
1436|M
1437|F
1533|M
1723|M
1724|
1620|M
1536|
1726|M
1442|M
1538|F
1444|M
1624|F
1542|M
1626|M
1627|F
1733|M
1630|
1963|M
1634|F
1636|F
1740|M
1638|M
1640|M
1558|M
1559|M
1746|F
1748|M
1751|M
1754|M
1755|F
1757|M
1758|F
1984|M
1470|F
1763|F
1472|M
1473|M
1766|M
1570|M
1768|F
1477|M
1381|M
1479|M
1770|F
1771|M
1772|F
1680|F
1681|M
1682|F
1683|M
1389|F
1390|M
1391|M
1776|F
1491|M
1492|M
1493|F
1778|M
1690|M
1496|
1692|F
1593|F
1403|F
1594|F
1502|M
1698|M
1793|M
1794|M
1416|M
1703|M
1514|M
1605|F
1606|M
1798|M
1707|F
1519|
1520|M
1425|M
1426|M
1427|M
1428|M
1429|M
1807|M
1714|M
1612|F
1715|M
1811|M
1718|F
1616|F
1814|M
1815|M
1617|M
1440|M
1619|M
1820|M
1821|F
1822|M
1447|M
1547|F
1734|M
1735|M
1736|M
1836|M
1454|M
1455|M
1965|M
1840|M
1967|M
1639|M
1743|M
1970|M
1645|M
1750|
1647|M
1648|
1649|M
1851|F
1852|F
1650|M
1981|M
1982|M
1652|M
1985|F
1986|M
1655|M
1958|M
1629|M
1832|M
1833|M
1450|M
1451|M
1452|
1739|
1553|F
1458|M
1555|F
1641|M
1846|F
1747|F
1643|M
1644|M
1848|F
1849|M
1752|M
1753|M
1850|M
1853|M
1854|M
1651|M
1759|F
1857|M
1858|M
1654|M
1861|M
1863|M
1864|M
1866|F
1867|M
1868|M
1869|F
1872|M
1873|M
1874|M
1875|F
1877|M
1878|M
1879|M
1880|F
2006|F
1881|M
1883|M
1884|M
1885|F
1886|F
1888|M
1889|
2014|M
1890|F
1892|M
1893|M
1894|M
1895|F
1896|M
1897|F
1898|M
1899|M
1900|F
2025|M
2026|M
1901|M
1902|M
1903|M
1904|M
1907|M
1908|M
1913|F
1914|M
1915|F
1916|M
1917|M
2039|M
2040|M
1921|F
2042|M
1922|M
1923|F
1927|M
1928|F
1929|M
1930|M
1931|M
1933|M
1934|M
1936|M
1937|M
1938|M
2057|M
1939|M
1940|M
2060|M
2061|M
2062|M
2063|F
2064|M
2065|M
2066|M
2067|M
2069|M
2070|M
2071|M
2072|F
2073|M
2074|F
2075|M
2076|M
2077|M
2078|M
2079|M
2080|M
2084|M
2085|M
2087|F
2088|M
2089|F
2090|M
2091|F
2092|F
2093|M
2095|F
2096|
2098|M
2101|M
2102|M
2103|F
2104|M
2105|M
2106|F
2107|F
2108|M
2109|M
2110|M
2210|F
2211|M
2212|M
2213|F
2214|M
2118|M
2215|M
2310|M
2216|F
2218|F
2411|M
2412|M
2510|F
2512|M
2418|M
2612|F
2518|M
2519|
2327|M
2618|M
2619|M
2428|M
2622|M
2624|M
2532|M
2245|F
2540|F
2643|M
2250|M
2646|M
2549|M
2652|M
2656|M
2258|M
2562|M
2565|M
2575|M
2387|M
2685|M
2480|F
2689|M
2274|M
2691|F
2486|M
2487|M
2277|F
2403|M
2491|F
2493|F
2282|M
2498|M
2812|F
2707|F
2605|F
2290|M
2292|M
2709|M
2297|M
2299|M
2300|F
2832|F
2303|M
2835|F
2925|M
2728|M
2840|F
2841|F
2846|M
2847|M
2736|F
2112|M
2113|
2114|M
2115|F
2116|F
2117|M
2120|M
2122|F
2410|M
2125|M
2126|F
2319|
2129|M
2611|M
2517|M
2617|F
2138|F
2139|M
2526|M
2141|F
2527|F
2528|M
2529|M
2530|M
2146|M
2439|F
2442|M
2444|M
2645|M
2154|F
2451|M
2551|M
2456|M
2554|M
2367|M
2658|M
2458|M
2163|M
2165|M
2576|M
2475|F
2477|F
2686|M
2586|F
2175|M
2484|M
2485|F
2181|F
2698|F
2495|M
2187|M
2189|F
2607|M
2819|F
2820|M
2821|F
2710|M
2824|M
2825|F
2826|M
2827|F
2828|M
2717|F
2718|M
2919|M
2920|M
2722|M
2723|F
2838|M
2119|F
2121|M
2217|M
2123|F
2124|M
2219|M
2220|F
2127|F
2511|M
2128|M
2513|M
2514|M
2515|M
2516|M
2613|F
2423|M
2521|M
2522|F
2427|M
2230|M
2524|M
2525|M
2232|
2430|M
2628|M
2629|F
2630|F
2632|M
2435|F
2436|M
2635|M
2438|F
2244|M
2638|M
2441|F
2445|M
2446|M
2447|F
2448|M
2449|M
2546|M
2648|M
2649|M
2650|M
2651|M
2157|M
2553|F
2555|F
2657|F
2659|F
2660|M
2661|M
2662|F
2663|M
2664|F
2463|M
2665|M
2162|M
2466|M
2467|M
2468|M
2573|M
2574|M
2167|M
2268|M
2169|F
2580|M
2270|M
2171|M
2478|M
2687|M
2688|M
2176|M
2275|F
2178|F
2182|F
2280|F
2699|M
2700|M
2312|
2313|M
2316|M
2318|F
2222|F
2226|F
2132|F
2614|F
2615|F
2134|M
2229|F
2523|M
2621|F
2140|F
2626|M
2142|M
2144|F
2633|F
2534|M
2536|M
2639|M
2640|M
2150|F
2541|F
2151|F
2644|M
2153|M
2251|M
2155|M
2253|M
2653|F
2365|M
2159|F
2161|F
2261|M
2666|
2566|F
2569|M
2570|M
2386|M
2267|M
2168|M
2578|F
2389|M
2390|F
2583|M
2584|M
2585|M
2272|F
2690|M
2692|F
2276|M
2402|M
2278|M
2279|
2281|M
2185|F
2705|M
2813|
2287|F
2190|F
2291|M
2608|M
2609|M
2317|M
2414|M
2415|M
2416|F
2610|M
2225|F
2131|M
2325|M
2422|M
2326|M
2616|
2228|F
2426|M
2620|F
2231|M
2623|M
2625|F
2434|F
2637|M
2148|F
2641|M
2642|M
2249|
2647|
2252|
2452|M
2453|M
2454|F
2455|M
2654|
2655|F
2158|M
2457|M
2368|M
2259|M
2459|F
2460|M
2461|M
2462|F
2260|F
2464|F
2465|M
2667|F
2164|M
2263|F
2166|F
2471|M
2265|F
2266|M
2388|M
2269|F
2392|M
2393|M
2172|M
2271|M
2394|M
2395|M
2273|F
2483|M
2179|M
2488|F
2489|M
2490|M
2405|F
2406|M
2407|M
2408|M
2409|F
2703|F
2810|M
2706|F
2188|F
2502|M
2816|F
2504|F
2818|M
2417|M
2130|M
2421|M
2227|M
2520|F
2424|M
2425|F
2234|M
2431|M
2432|M
2433|M
2531|M
2145|M
2533|F
2437|M
2440|M
2537|F
2538|M
2539|M
2542|M
2543|F
2544|M
2545|M
2450|F
2547|M
2548|F
2156|F
2550|M
2254|M
2552|F
2256|M
2366|M
2257|F
2556|M
2557|M
2558|M
2559|M
2560|F
2561|M
2160|M
2563|M
2564|F
2262|F
2567|M
2568|F
2469|M
2470|M
2571|F
2572|M
2385|F
2472|F
2473|M
2474|F
2577|M
2476|M
2579|M
2170|M
2581|M
2582|
2479|M
2173|F
2174|M
2482|F
2396|M
2397|M
2398|
2400|M
2401|F
2492|M
2183|M
2494|F
2184|M
2497|M
2811|M
2286|F
2500|F
2501|M
2288|M
2508|M
2509|
2911|M
2912|M
2913|M
2914|M
2915|
2916|M
2917|M
2918|M
2302|M
2198|F
2921|M
2836|
2837|F
2306|M
2926|M
2927|M
2203|M
2842|M
2843|F
2844|F
2845|F
2935|M
2848|F
2937|M
2208|F
2851|M
2940|M
2941|M
2942|M
2852|M
2943|M
2944|M
2946|F
2947|F
2948|M
2949|M
2950|M
2951|M
2952|M
2953|M
2863|M
2756|M
2955|M
2866|M
2867|M
2868|M
2871|M
2872|M
2873|M
2963|M
2875|M
2876|M
2966|M
2878|M
2972|M
2973|F
2974|F
2975|M
2886|F
2887|M
2980|M
2981|M
2982|M
2985|M
2986|M
2987|F
2989|M
2991|M
2993|M
2994|M
2995|M
2996|F
2997|M
2998|M
2999|M
3000|M
3001|M
2807|F
2808|M
2496|F
2284|M
2186|M
2499|M
2708|M
2606|F
2505|M
2506|M
2507|M
2192|F
2910|M
2711|M
2712|F
2713|M
2714|M
2715|F
2716|F
2196|M
2301|M
2719|F
2720|M
2721|M
2304|M
2922|M
2923|M
2924|M
2928|M
2929|M
2930|M
2931|M
2204|F
2933|M
2934|M
2734|F
2936|M
2207|M
2737|M
2738|F
2939|M
2743|F
2744|M
2745|M
2746|F
2747|M
2748|M
2749|
2750|M
2751|M
2752|F
2753|M
2954|M
2755|M
2757|M
2956|M
2957|M
2958|M
2959|M
2960|M
2961|M
2962|M
2764|M
2765|M
2964|M
2965|M
2768|M
2967|M
2968|
2969|M
2970|
2971|M
2774|M
2775|M
2777|F
2976|M
2977|M
2978|M
2979|M
2782|F
2783|M
2784|M
2785|
2983|
2984|M
2788|F
2988|M
2792|F
2990|M
2794|M
2992|M
2796|M
2797|F
2798|F
2800|M
2801|
2802|F
2817|F
2294|M
2193|M
2296|M
2194|F
2298|M
2195|M
2829|M
2830|F
2831|M
2197|M
2833|M
2834|M
2199|F
2305|
2724|F
2725|M
2726|M
2309|M
2839|F
2202|F
2729|M
2730|F
2731|M
2732|M
2733|F
2205|M
2735|M
2849|M
2850|M
2209|M
2740|F
2741|M
2742|M
2853|M
2854|M
2855|M
2856|M
2857|M
2858|F
2859|M
2860|F
2861|M
2862|M
2754|F
2864|M
2865|M
2758|F
2759|F
2760|M
2870|F
2761|F
2762|F
2763|M
2874|F
2766|
2767|F
2877|M
2769|M
2770|M
2771|M
2772|M
2773|M
2776|
2885|F
2778|M
2779|M
2780|M
2781|M
2786|F
2787|M
2789|M
2790|F
2791|M
2793|M
2795|F
2799|M
2906|M
2907|M
2908|M
2909|M
2805|F
2809|M
3004|M
3005|M
3006|M
3007|M
3008|M
3009|M
3010|M
3011|M
3012|M
3013|M
3014|M
3015|M
3016|M
3017|M
3018|M
3019|M
3020|M
3021|M
3022|M
3023|M
3024|M
3025|M
3026|M
3027|M
3028|
3029|M
3030|M
3031|M
3032|M
3033|M
3034|M
3035|F
3036|M
3037|M
3038|M
3039|M
3040|M
3041|M
3042|M
3043|M
3044|M
3045|M
3046|F
3047|F
3048|F
3049|F
3050|F
3052|F
3053|
3054|M
3055|M
3056|
3057|M
3058|M
3059|M
3060|F
3061|F
3062|M
3063|M
3064|M
3065|M
3066|M
3067|M
3068|M
3069|M
3070|M
3071|M
3072|F
3073|M
3074|M
3075|M
3076|M
3078|M
3079|M
3080|M
3081|
3082|M
3083|M
3084|
3085|M
3086|M
3087|M
3088|M
3089|M
3090|M
3091|M
3092|M
3093|M
3094|M
3096|M
3097|M
3098|M
3099|M
3100|M
3101|M
3102|M
3201|M
3202|M
3205|M
3302|M
3304|M
3209|M
3210|M
3504|M
3213|M
3214|M
3508|M
3606|M
3218|M
3511|
3609|M
3513|M
3514|M
3223|M
3610|M
3611|M
3518|M
3227|F
3228|M
3229|M
3327|F
3618|F
3620|
3621|F
3622|M
3623|M
3427|M
3625|M
3336|M
3533|M
3431|F
3432|M
3433|M
3434|M
3633|M
3634|M
3635|M
3636|F
3637|M
3638|M
3639|M
3540|M
3253|M
3542|M
3255|M
3544|M
3545|M
3546|M
3547|M
3548|M
3549|F
3550|M
3453|M
3454|
3360|M
3554|F
3267|M
3268|M
3557|M
3270|M
3659|M
3367|M
3463|M
3562|M
3465|M
3466|M
3467|M
3468|M
3377|M
3473|M
3474|M
3475|M
3674|M
3675|M
3574|M
3383|M
3384|M
3290|M
3386|M
3292|M
3293|M
3103|
3104|M
3105|M
3106|M
3107|M
3301|M
3109|M
3303|M
3111|M
3305|M
3306|M
3307|M
3308|M
3309|F
3505|M
3603|M
3507|M
3313|F
3509|M
3608|M
3317|M
3318|M
3319|M
3515|M
3321|M
3322|
3415|M
3416|M
3418|M
3523|M
3524|M
3525|M
3526|M
3424|M
3425|M
3334|M
3142|F
3626|F
3627|M
3628|M
3629|M
3340|F
3341|M
3632|M
3150|F
3151|
3152|M
3153|M
3441|M
3541|M
3158|M
3543|M
3160|M
3162|M
3163|M
3355|M
3451|M
3167|M
3456|M
3655|M
3458|M
3657|M
3460|M
3461|M
3368|M
3370|M
3663|M
3372|F
3373|M
3567|M
3568|M
3569|M
3570|M
3571|M
3185|M
3380|M
3676|F
3191|M
3480|M
3581|F
3682|M
3389|M
3199|M
3685|M
3392|F
3204|F
3108|M
3206|M
3110|M
3501|M
3402|M
3403|M
3404|M
3405|M
3120|M
3408|M
3122|M
3123|M
3124|M
3125|M
3126|M
3411|M
3413|F
3414|M
3226|M
3131|M
3132|M
3133|M
3419|M
3420|M
3233|M
3234|M
3235|M
3429|
3144|M
3145|M
3146|M
3630|M
3631|F
3437|M
3438|M
3439|M
3250|M
3251|M
3442|M
3443|M
3444|M
3445|M
3446|
3257|M
3258|M
3259|M
3450|M
3261|M
3452|M
3263|M
3264|M
3265|M
3555|M
3556|M
3173|
3558|M
3559|M
3561|M
3178|F
3563|F
3564|M
3565|M
3566|M
3469|M
3470|M
3471|M
3472|M
3572|M
3573|M
3189|M
3677|
3678|M
3288|M
3483|M
3196|M
3683|
3583|M
3490|M
3586|M
3493|M
3494|M
3495|M
3496|F
3203|M
3113|M
3502|M
3115|M
3116|M
3117|M
3118|M
3604|M
3312|M
3121|M
3314|M
3315|M
3127|M
3128|M
3129|M
3612|M
3613|M
3614|M
3615|M
3616|M
3617|M
3135|M
3136|M
3137|M
3138|M
3530|M
3238|M
3532|M
3240|M
3241|M
3242|M
3243|M
3244|M
3149|M
3246|M
3248|M
3154|M
3155|M
3252|M
3157|M
3254|M
3159|M
3256|M
3161|M
3353|M
3354|M
3164|M
3165|M
3166|M
3551|M
3552|M
3361|F
3654|F
3363|F
3656|M
3365|M
3658|M
3176|F
3660|M
3273|M
3662|M
3275|M
3664|M
3665|M
3666|M
3667|M
3668|M
3669|M
3670|F
3671|F
3672|M
3673|M
3285|M
3381|M
3577|M
3193|M
3289|M
3580|M
3291|M
3582|M
3388|F
3294|M
3295|M
3296|M
3686|M
3687|M
3299|M
3689|M
3588|M
3691|M
3703|M
3704|M
3207|F
3112|M
3114|M
3211|M
3601|M
3311|M
3407|M
3605|M
3409|M
3607|M
3222|M
3320|M
3225|M
3323|M
3324|M
3325|M
3326|M
3134|M
3328|M
3421|F
3422|M
3423|M
3139|M
3333|M
3236|
3237|M
3239|M
3430|M
3148|M
3245|M
3436|M
3342|M
3343|M
3344|F
3640|M
3641|M
3642|M
3643|M
3644|M
3645|M
3646|M
3647|M
3648|M
3649|M
3650|M
3651|M
3652|M
3653|F
3266|M
3171|M
3172|M
3269|M
3174|
3175|M
3462|M
3177|M
3464|M
3179|M
3180|M
3181|M
3182|M
3374|M
3376|M
3183|
3184|M
3476|M
3477|M
3478|M
3479|M
3382|M
3192|M
3482|M
3194|M
3195|M
3387|M
3486|M
3489|M
3391|M
3491|M
3688|M
3394|M
3690|M
3696|M
3708|M
3710|M
3700|M
3805|M
3914|M
3915|M
3401|M
3503|M
3212|M
3310|M
3410|M
3316|M
3512|M
3516|M
3517|M
3130|M
3519|M
3520|M
3521|M
3522|M
3230|M
3231|
3232|M
3330|M
3331|M
3529|F
3141|M
3428|M
3337|M
3338|M
3339|F
3147|M
3534|
3535|M
3536|F
3537|M
3538|M
3539|M
3345|M
3346|F
3347|M
3348|M
3349|M
3350|M
3351|M
3352|M
3448|M
3449|M
3260|M
3356|
3262|M
3358|M
3359|M
3169|F
3455|M
3362|M
3457|M
3364|M
3459|M
3366|M
3271|M
3369|M
3371|M
3276|M
3277|M
3278|M
3279|F
3280|M
3281|M
3282|
3283|
3186|M
3378|
3379|M
3284|M
3190|M
3286|M
3287|M
3481|F
3579|M
3385|M
3198|M
3488|M
3390|M
3584|F
3297|M
3200|M
3492|M
3300|
3399|M
3801|M
3591|F
3395|M
3397|M
3398|M
3693|M
3694|M
3695|M
3590|M
3907|F
3908|M
3699|M
3910|F
3911|F
3912|M
3596|M
3806|M
3807|M
3808|M
3810|M
3811|M
3916|F
3813|M
3816|M
3817|M
3821|M
3924|F
3823|M
3825|M
3926|M
3927|F
3928|M
3828|M
3930|M
3931|F
3833|
3933|F
3934|M
3939|
3842|M
3843|M
3744|M
3845|M
3942|F
3848|M
3943|M
3944|F
3750|M
3754|M
3855|M
3857|F
3858|F
3859|F
3950|M
3951|M
3952|F
3953|M
3864|M
3865|M
3866|M
3956|M
3957|M
3868|M
3959|M
3960|M
3961|F
3872|M
3873|M
3874|M
3965|F
3966|M
3878|M
3879|
3880|
3881|
3882|
3883|F
3988|F
3989|M
3799|M
3499|M
3906|F
3707|M
3594|
3595|M
3713|M
3597|M
3598|M
3599|M
3600|M
3718|M
3720|M
3917|M
3918|F
3721|M
3919|M
3920|F
3921|F
3820|M
3923|M
3724|M
3925|M
3726|M
3727|
3728|M
3729|M
3829|M
3731|M
3732|
3733|M
3734|M
3735|M
3736|M
3737|M
3935|M
3936|F
3738|M
3937|M
3938|F
3740|M
3940|F
3941|M
3743|M
3846|M
3745|M
3746|M
3747|M
3748|M
3749|M
3945|M
3946|F
3854|M
3947|M
3755|M
3948|F
3757|M
3758|M
3759|M
3760|M
3761|
3762|M
3954|M
3955|F
3765|M
3766|M
3958|F
3769|F
3770|M
3962|M
3772|M
3963|M
3964|M
3782|M
3783|M
3790|
3792|M
3793|M
3986|F
3987|M
3796|M
3797|M
3990|M
3993|M
3994|F
3995|M
3996|M
3393|M
3396|M
3702|M
3497|M
3498|M
3400|M
3500|
3697|M
3698|M
3709|M
3802|M
3803|M
3804|M
3714|M
3715|M
3716|M
3812|M
3814|M
3815|M
3722|M
3818|M
3819|M
3723|M
3822|M
3725|M
3824|M
3826|M
3827|M
3730|
3839|M
3830|M
3831|M
3832|M
3834|M
3835|M
3836|M
3837|M
3739|M
3841|M
3741|M
3742|M
3844|M
3847|M
3849|M
3850|M
3751|M
3752|M
3756|M
3860|F
3861|F
3862|M
3863|M
3763|M
3764|
3867|
3767|M
3768|M
3869|M
3870|M
3871|M
3771|M
3773|M
3774|M
3775|M
3776|M
3777|M
3778|M
3779|M
3780|M
3781|M
3875|M
3876|
3877|M
3784|
3785|M
3786|M
3787|M
3788|M
3789|
3884|M
3791|M
3886|M
3794|M
3795|M
3798|M
3800|M
3992|F
3998|M
3999|F
4000|M
4001|M
4101|M
4102|F
4104|F
4201|M
4208|M
4215|M
4224|F
4134|M
4226|F
4136|F
4148|M
4157|
4164|F
4174|M
4175|M
4178|F
4187|M
4006|M
4007|F
4009|M
4010|M
4202|M
4011|F
4205|F
4212|
4021|F
4220|M
4221|F
4034|F
4232|M
4050|M
4051|F
4052|M
4059|M
4060|M
4073|F
4083|F
4094|F
4096|F
4103|M
4008|M
4105|F
4107|M
4018|M
4126|M
4127|F
4028|F
4032|M
4138|M
4141|M
4142|M
4145|M
4047|M
4053|M
4054|F
4156|M
4158|F
4067|M
4167|F
4069|M
4171|F
4080|M
4082|M
4086|M
4188|F
4092|F
4193|F
4106|F
4203|M
4012|M
4204|M
4014|F
4015|
4016|F
4209|F
4017|M
4211|F
4216|M
4024|F
4025|M
4128|M
4219|M
4131|F
4132|M
4030|M
4133|F
4225|M
4033|M
4139|M
4144|F
4147|F
4049|M
4150|M
4152|M
4155|M
4056|M
4161|F
4064|F
4166|M
4068|F
4168|F
4169|F
4071|M
4072|M
4172|M
4173|F
4079|M
4013|M
4206|M
4207|F
4210|M
4019|F
4213|F
4022|M
4217|M
4026|M
4129|M
4031|F
4227|M
4137|M
4140|F
4046|F
4146|F
4149|F
4246|F
4058|M
4159|M
4061|F
4063|
4162|M
4163|F
4065|M
4066|M
4074|M
4075|F
4076|F
4077|M
4177|M
4084|M
4089|M
4090|F
4020|M
4023|M
4027|M
4130|M
4029|F
4222|F
4223|M
4135|M
4229|M
4230|F
4231|F
4153|F
4154|M
4055|F
4057|F
4062|M
4165|
4266|
4267|F
4070|F
4176|F
4078|F
4081|F
4186|
4087|F
4088|M
4190|F
4093|M
4095|M
4196|F
4197|F
4097|F
4198|F
4100|M
4191|M
4091|M
4192|M
4194|M
4195|M
4098|M
4199|F
4200|F
173|M
2|M
10|F
11|
12|M
13|M
14|M
15|M
16|
17|M
18|M
19|
20|M
21|M
22|M
23|
24|M
25|M
26|M
27|
28|M
29|M
30|M
31|M
32|M
33|M
34|M
35|M
36|M
37|F
38|M
39|
40|M
41|M
42|M
43|M
44|
45|F
46|M
47|M
48|M
49|M
50|M
51|M
52|M
53|M
54|M
55|M
56|M
57|M
58|F
59|M
60|M
61|M
62|M
63|M
64|M
65|M
66|M
67|M
68|M
69|M
70|M
71|M
72|M
73|M
74|M
75|M
76|M
77|M
78|M
79|M
80|
81|M
82|M
83|M
84|
85|M
86|M
87|M
88|M
89|M
90|M
91|M
92|
93|
94|M
95|M
96|M
97|M
98|M
99|M
100|M
101|M
102|M
103|M
104|M
105|M
106|M
107|M
108|M
109|M
110|F
111|F
112|F
113|F
114|F
115|F
116|F
117|F
118|F
119|M
120|M
121|M
122|M
123|M
124|M
125|M
126|M
127|M
3|M
4|M
5|M
6|M
7|M
8|M
9|M
343|
532|M
700|M
1163|M
978|M
1166|
893|M
986|M
1083|M
1085|F
1280|M
1187|M
1300|F
1108|F
929|
1304|F
935|M
1215|F
1220|M
1039|M
1231|F
1045|M
1145|M
1148|
1251|M
1159|M
1354|M
1359|F
1741|M
1991|F
1466|M
1952|M
1467|M
1762|F
1471|M
1860|M
1656|M
1862|M
1657|M
1767|M
1658|F
1659|F
1992|M
1382|F
1993|M
1994|M
1575|F
1995|M
1996|F
1871|M
1997|F
1998|M
1579|M
1999|M
2000|M
1876|M
2001|M
2002|M
2003|M
1488|M
2004|M
1685|M
2005|M
1882|M
2007|M
2008|M
2009|
2010|M
1689|M
1887|M
2011|M
2012|M
1891|M
2015|M
1501|M
1695|M
2016|M
1595|M
1786|M
2017|F
2018|F
2019|M
2020|M
2021|M
2022|M
1513|M
2023|M
2024|M
2027|M
2028|M
2029|M
1905|M
1906|M
1608|M
2030|M
2031|M
1711|M
1909|M
1910|M
1911|M
1713|M
2033|M
2034|F
2035|M
2036|M
2037|M
1918|M
1919|M
1920|F
2038|M
1817|M
2041|M
2043|F
1924|M
1925|F
1926|M
1828|F
1546|M
1988|M
2050|M
2051|M
2052|M
1837|F
2053|M
1637|F
2054|F
1966|F
2055|M
2056|F
1742|M
1842|M
2058|F
1744|M
1968|F
2059|M
1845|M
1745|F
1942|M
1943|M
1944|F
1945|M
1946|M
1947|
1948|M
1949|
1950|M
1951|M
1983|F
1953|M
1954|M
1955|M
1956|M
1653|F
1957|M
1959|M
1865|M
2013|F
2938|M
2701|F
2315|M
2413|M
2822|F
2191|F
2224|M
2419|F
2420|M
2137|M
2429|M
2143|M
2634|M
2535|M
2636|M
2147|M
2443|M
2152|M
2264|M
2481|M
2399|M
2404|F
2702|M
3002|M
2704|M
2814|M
2815|M
2293|F
2503|M
2803|M
2823|F
2201|M
2932|M
2739|M
2945|
2869|M
2804|F
3003|M
3684|M
3587|F
3705|F
3208|F
3809|M
3602|M
3506|M
3406|M
3215|M
3119|
3216|M
3217|M
3510|M
3219|M
3220|M
3221|M
3412|M
3224|M
3417|M
3329|M
3619|M
3527|M
3332|M
3528|M
3140|M
3426|M
3624|M
3335|M
3531|M
3143|M
3435|M
3247|M
3249|M
3440|M
3156|M
3447|M
3357|M
3168|M
3553|M
3170|M
3560|F
3272|M
3661|M
3274|F
3375|M
3187|M
3575|M
3576|M
3679|M
3578|
3680|M
3681|M
3484|M
3485|M
3197|M
3487|M
3585|M
3298|M
3593|M
3997|F
3701|M
3692|
3589|M
3706|M
3592|
3711|M
3712|
3913|M
3717|M
3922|F
3929|M
3932|M
3838|M
3840|M
3851|M
3852|M
3853|M
3753|M
3856|F
3949|F
3991|M
4099|M
4085|M
4214|M
4218|F
4228|F
4143|F
4048|F
4160|F
4170|M
4189|M
